From,To,Connectivity
1,5,1.0
1,8,1.0
2,10,1.0
3,6,0.6848698574781023
4,9,1.0
7,11,0.9942434170815446
8,11,1.0
