From,To,Connectivity
4,6,0.6684084029870807
6,11,0.8472231100763405
7,11,1.0
8,12,1.0
9,12,1.0
